Accident_ID,Time_of_Day,Road_Condition,Weather_Condition,Latitude,Longitude
1,Evening,Wet,Foggy,54.152654281089745,0.27518922106303023
2,Night,Icy,Snowy,53.83345502103785,-0.35472205345282326
3,Morning,Dry,Rainy,50.20513652645148,-2.264710485444267
4,Evening,Dry,Snowy,52.72998262100925,1.5604714361193306
5,Evening,Dry,Snowy,53.041564950286855,-5.995254844715972
6,Night,Dry,Foggy,53.1905822471752,-6.907357896903786
7,Morning,Snowy,Snowy,54.64137895381866,0.5396196695542219
8,Morning,Dry,Foggy,54.268820373815025,-3.608501833662517
9,Evening,Snowy,Clear,54.86324074234756,0.46968854207060495
10,Afternoon,Snowy,Clear,56.11906609233703,0.9309020519541491
11,Evening,Dry,Foggy,56.50388590972875,-7.375424063809286
12,Evening,Dry,Clear,55.74498460981196,0.8346476298606067
13,Evening,Wet,Rainy,57.64418956763948,-3.5168094463057784
14,Evening,Icy,Snowy,50.14586066141089,-2.8956751099576774
15,Night,Dry,Rainy,51.56622388546837,-1.734074889067898
16,Morning,Wet,Snowy,50.06050299982514,1.263826067300867
17,Night,Wet,Clear,55.17979771323682,-7.80883905570236
18,Night,Icy,Rainy,57.1842443915999,-3.231565316821829
19,Night,Snowy,Clear,51.9478583726104,-1.122779575694393
20,Evening,Dry,Snowy,57.41627635837045,-0.7729304230177156
21,Afternoon,Icy,Foggy,50.48213912231649,-1.0746756846289198
22,Morning,Dry,Foggy,57.47548821444411,-6.655648705918781
23,Afternoon,Wet,Rainy,52.81298149791708,-5.006044116283188
24,Night,Wet,Clear,50.811366627593735,-4.412844745829865
25,Night,Snowy,Clear,53.886974073490606,0.04437207679504951
26,Afternoon,Wet,Rainy,52.054212541764066,-5.21240127585447
27,Afternoon,Wet,Foggy,52.27898321569538,-5.892950361327968
28,Afternoon,Icy,Snowy,52.45831971941029,1.574480190380962
29,Night,Dry,Rainy,56.424207182661306,-7.9113671488653114
30,Night,Dry,Snowy,54.313290213402034,1.9782085568197818
31,Morning,Icy,Foggy,52.49046159324803,-1.2317870114260439
32,Morning,Snowy,Clear,54.882670266487345,0.28469299449117
33,Night,Dry,Foggy,55.72920539378555,-5.053806036538068
34,Afternoon,Wet,Rainy,52.18099200586827,-7.8568472233294
35,Afternoon,Dry,Clear,53.30839281220281,-0.6213048143846995
36,Morning,Wet,Rainy,50.97508874669558,0.3414459700067578
37,Night,Snowy,Rainy,51.44919479627744,-0.5952386804648082
38,Morning,Icy,Foggy,55.44894283171986,-6.5714971269916145
39,Morning,Dry,Rainy,51.451506781565016,-0.4657207774303096
40,Evening,Icy,Foggy,54.20130706933648,-0.31077217892359066
41,Evening,Dry,Clear,55.67237009377946,-1.4145948432994508
42,Evening,Wet,Foggy,50.85501538475795,-0.3388406720441379
43,Afternoon,Icy,Clear,54.53849775703123,0.45921439677732145
44,Night,Dry,Foggy,52.05250226961091,-1.8639588576254162
45,Night,Wet,Snowy,57.70341500190064,-7.113952860303209
46,Night,Icy,Snowy,53.8683651737594,-3.1237219033278913
47,Night,Icy,Rainy,56.44794039820127,-7.223506653283949
48,Evening,Dry,Foggy,54.40181233725009,-3.9245696896756916
49,Afternoon,Dry,Foggy,50.34730026283855,-3.9289351087437234
50,Afternoon,Dry,Clear,55.06521100475218,-7.339901558597584
51,Evening,Wet,Rainy,57.611226737653254,-4.511794660305207
52,Afternoon,Dry,Foggy,54.81289456117065,-6.890019012086851
53,Evening,Icy,Rainy,56.55351087541432,0.08235210009222094
54,Night,Icy,Snowy,57.07365170678726,1.476880259644707
55,Evening,Dry,Foggy,51.82463817559146,-7.276835247420614
56,Night,Dry,Foggy,51.69635871926582,1.5511520729170147
57,Night,Snowy,Rainy,54.887847910807935,-2.7742340066325486
58,Morning,Icy,Foggy,53.28822775845364,-5.004343220461261
59,Evening,Wet,Rainy,56.71889042293376,-7.231379247238365
60,Morning,Snowy,Foggy,57.20018498718409,-2.9937573192958222
61,Evening,Dry,Clear,52.827371034421745,-0.0548445550925134
62,Evening,Dry,Rainy,51.89496447179586,-0.9291352273330187
63,Morning,Icy,Foggy,56.244204121950894,-7.497739885360263
64,Morning,Dry,Snowy,52.19844828438509,-7.270981646320965
65,Evening,Wet,Foggy,56.580914548109426,-3.9712671736736294
66,Afternoon,Icy,Snowy,53.3899060291901,-5.047095059520567
67,Night,Dry,Snowy,55.340399194331766,-5.676156769439522
68,Morning,Icy,Clear,50.76428251067735,-5.189955010912864
69,Night,Dry,Rainy,54.990874597412585,0.034827432968846495
70,Afternoon,Dry,Foggy,53.614141429897835,1.2922805363185397
71,Afternoon,Dry,Clear,54.69286770540379,-3.948973054724336
72,Afternoon,Wet,Foggy,51.34411366195891,1.0611100213249713
73,Morning,Wet,Snowy,55.894989959553456,-4.78504298752118
74,Afternoon,Icy,Rainy,56.90237662034583,-3.235630136562084
75,Morning,Dry,Foggy,51.7339184007262,-5.739710021840002
76,Afternoon,Dry,Foggy,50.76571644416129,-1.5952395782415607
77,Night,Wet,Snowy,50.189108688370695,1.78981115174809
78,Night,Dry,Foggy,55.13577200354613,-1.9650690395662131
79,Evening,Wet,Foggy,54.85675228871025,-4.421859158864511
80,Night,Dry,Snowy,54.37357930171256,-1.5218255400947163
81,Evening,Icy,Clear,51.855576768927804,-6.770793215346124
82,Night,Dry,Snowy,53.12724796724412,0.8865908026539859
83,Morning,Dry,Clear,54.755810681489386,-2.9691604922016364
84,Night,Snowy,Rainy,53.97413487087336,-3.5065025796035796
85,Evening,Wet,Clear,57.902284161719095,-2.141352115464808
86,Evening,Dry,Clear,51.09151802045386,-1.7521613721059754
87,Afternoon,Dry,Rainy,55.56115643238075,-7.28224193773487
88,Morning,Snowy,Clear,53.23455014483434,-1.1738277877659762
89,Night,Snowy,Snowy,53.42559691940492,-5.580683196844705
90,Afternoon,Wet,Clear,55.74078212526541,-0.8604736749341022
91,Night,Snowy,Rainy,55.53948921059496,0.22534794384196744
92,Night,Icy,Snowy,57.9300479496175,0.03958507552520274
93,Afternoon,Snowy,Rainy,51.027154315633,-2.474990325921109
94,Afternoon,Icy,Rainy,50.83287719507333,-2.7983010768924883
95,Afternoon,Wet,Foggy,55.79471053702993,-6.571240386605883
96,Afternoon,Wet,Foggy,54.62709533605127,-0.24653849596864408
97,Afternoon,Wet,Rainy,52.193285332478446,-5.285906195532856
98,Night,Wet,Rainy,50.63535495191189,-3.033045771820534
99,Afternoon,Wet,Rainy,50.68526599677144,-5.157259070724833
100,Morning,Icy,Foggy,57.153526997312945,-6.661716370003068
101,Evening,Icy,Foggy,51.53493859774994,-1.7044230310826345
102,Afternoon,Wet,Clear,52.58697249692417,-7.456679651770962
103,Afternoon,Snowy,Clear,51.8132512178159,-0.5135476587380001
104,Night,Dry,Rainy,52.8399704466555,-4.824132047388833
105,Afternoon,Wet,Snowy,50.55539074196875,-7.998653069955147
106,Afternoon,Snowy,Snowy,54.15247832726617,-2.888708607627702
107,Afternoon,Dry,Foggy,50.54090050873772,-7.531480914723969
108,Night,Wet,Foggy,56.402852062578894,-5.238304421791005
109,Afternoon,Wet,Foggy,51.86969665528346,-0.930235125442838
110,Evening,Icy,Rainy,54.32009531683609,-7.373103783781342
111,Night,Dry,Snowy,57.04063270049166,0.3933849235600242
112,Evening,Dry,Clear,55.20701895237755,-7.9618007734141685
113,Night,Snowy,Rainy,54.263662292410686,-5.531761307980977
114,Afternoon,Icy,Clear,52.594670024923005,-0.5909594384792856
115,Evening,Icy,Clear,52.664015304465586,-4.837298502706933
116,Night,Icy,Rainy,55.35589564158552,-6.981076119339865
117,Morning,Icy,Clear,57.95311488976934,-4.3976608119957215
118,Afternoon,Dry,Snowy,55.29471351879503,-5.296067136154745
119,Night,Dry,Clear,54.4622673389602,0.4271190216055487
120,Morning,Wet,Snowy,55.84520408191397,-4.8665208241485685
121,Night,Wet,Snowy,53.721644898269744,-0.11067528223992795
122,Morning,Icy,Snowy,50.48113874080628,0.9187214481073482
123,Afternoon,Icy,Foggy,54.49837452702328,-3.661825804234705
124,Evening,Icy,Clear,57.66100227604304,1.0994314385439203
125,Morning,Wet,Rainy,51.40242353886128,-4.2268194603680715
126,Night,Snowy,Rainy,55.52003912656532,1.6407841649010813
127,Afternoon,Snowy,Clear,51.60746950927245,-7.10710475474427
128,Morning,Wet,Foggy,54.28662147578465,-1.1298073349675724
129,Night,Wet,Foggy,50.773411597173755,-3.061859595430713
130,Night,Wet,Snowy,53.60296749006548,-4.123511945443529
131,Night,Wet,Clear,56.04930663116197,-1.6728812125139907
132,Morning,Wet,Clear,52.78057219391186,-0.9614290836566877
133,Morning,Wet,Rainy,55.31929379589774,-7.95636730349691
134,Morning,Icy,Clear,56.36359968631783,-6.330469112528013
135,Evening,Icy,Foggy,57.41742255583562,-0.8695394936568128
136,Morning,Icy,Clear,51.877136654843625,-1.3361458642179356
137,Morning,Icy,Rainy,53.194527326474464,1.660475051286772
138,Morning,Wet,Snowy,51.21932810664334,-0.38962209749217
139,Evening,Snowy,Rainy,57.939868017267,1.5077270773133797
140,Morning,Dry,Rainy,57.41600774339436,-0.9745949846519304
141,Night,Wet,Snowy,54.31965704224448,-5.019477913605568
142,Morning,Dry,Rainy,56.73626635501137,-6.9463507774914355
143,Night,Snowy,Rainy,54.16766381817634,-0.1817613665506439
144,Night,Icy,Clear,54.98868550402208,-1.5585077852408409
145,Night,Snowy,Clear,50.712995456928134,-7.518139876067037
146,Evening,Wet,Snowy,56.04216336397447,-4.399495340990216
147,Evening,Icy,Clear,51.02170786908188,1.5679981548428614
148,Evening,Wet,Clear,56.60854104202023,-2.9959885428979875
149,Morning,Icy,Rainy,56.25622470136309,-3.672708639802954
150,Night,Dry,Foggy,55.66995758194381,-3.42300394840706
151,Evening,Dry,Clear,50.2892830441981,-5.9111727599483626
152,Evening,Dry,Foggy,52.42502684756263,-4.312928291352048
153,Morning,Snowy,Clear,52.10490055928674,-4.301867440128234
154,Evening,Wet,Clear,52.881091259772155,-7.476449798125276
155,Morning,Snowy,Snowy,50.70114197411071,-0.32432371482081734
156,Afternoon,Dry,Snowy,57.4956625842485,-3.83495568096121
157,Evening,Wet,Snowy,54.43041792569901,0.22179886816423355
158,Afternoon,Dry,Foggy,52.44419448526419,0.5034800111989544
159,Morning,Snowy,Rainy,53.175852136594266,-5.88005945301342
160,Night,Snowy,Clear,53.57762032403868,-1.4264651782987148
161,Evening,Snowy,Clear,54.80475466688494,-3.277181958370183
162,Morning,Dry,Clear,54.12543542157198,0.8015673792148501
163,Night,Wet,Foggy,57.35513578571534,-5.842593208235459
164,Night,Wet,Snowy,53.97570786324664,-1.221867996899558
165,Afternoon,Dry,Rainy,57.9372641185865,-1.922478777472774
166,Morning,Wet,Foggy,56.81139966196076,-5.046985224281672
167,Night,Dry,Snowy,51.66808411485869,-6.633990963488274
168,Evening,Wet,Foggy,57.44476171715133,-1.4836023952272344
169,Evening,Icy,Rainy,50.93093118308381,-0.6140254186766931
170,Afternoon,Icy,Snowy,56.539597667929534,-4.8437265623665
171,Night,Snowy,Foggy,53.04498634781264,-1.5516739597768616
172,Morning,Icy,Rainy,57.02379456356056,-4.048690923884967
173,Evening,Icy,Clear,56.944453520859604,-0.8679311671738228
174,Night,Icy,Rainy,56.44740320094097,-6.007847251059469
175,Night,Dry,Clear,56.32024349045649,0.9021500263617437
176,Afternoon,Icy,Foggy,52.437433112784326,-5.1259040353442025
177,Evening,Icy,Snowy,50.64735426441002,-4.322140122438471
178,Evening,Snowy,Snowy,53.22384143012129,-7.419080479196502
179,Morning,Icy,Foggy,51.38819611989207,-6.884877876787236
180,Evening,Icy,Snowy,55.559608711219695,-2.8413809728767188
181,Morning,Wet,Snowy,52.76879781230228,-5.324073232720285
182,Evening,Snowy,Clear,57.80488160687932,0.3548022574219445
183,Afternoon,Snowy,Foggy,55.12777661876265,-7.853066113450462
184,Evening,Snowy,Rainy,56.57984450907489,-4.209059513280638
185,Morning,Snowy,Clear,51.060197381934785,-4.626544532309073
186,Morning,Snowy,Foggy,56.89611585818098,-7.80672369082399
187,Afternoon,Snowy,Clear,57.382057524107154,-6.756316009994897
188,Evening,Dry,Rainy,53.89649535055149,-3.8635732508136478
189,Evening,Icy,Rainy,54.85002350200782,-3.0713541555255333
190,Afternoon,Snowy,Foggy,56.11847840722396,-3.957102527451309
191,Evening,Icy,Rainy,51.3987090180833,-2.6906232158790617
192,Evening,Icy,Clear,54.02052861170754,-2.048683250943185
193,Morning,Dry,Rainy,53.18930422217851,-7.900761788721644
194,Evening,Snowy,Clear,51.17099193729799,-3.3590484054649608
195,Evening,Wet,Clear,52.94027537833225,1.634992408875883
196,Afternoon,Dry,Rainy,50.54537847508395,-2.809677198704513
197,Afternoon,Wet,Foggy,50.2064952555959,-1.2245773254104684
198,Night,Icy,Snowy,51.08133031323858,-4.881361420831168
199,Morning,Icy,Rainy,57.70492089271339,-0.2600862184723747
200,Evening,Dry,Clear,54.396236287160136,-0.27078518123884887
201,Evening,Dry,Clear,57.72657728922576,-2.7870395234586107
202,Night,Wet,Rainy,53.459983026641055,1.7601382327921353
203,Evening,Snowy,Foggy,52.49452906468208,-6.744497852373466
204,Morning,Wet,Foggy,54.04913490272195,-7.8305233511041905
205,Night,Dry,Clear,53.51609350906328,-0.29841788242904066
206,Morning,Wet,Clear,50.84531747409395,0.0715553736488257
207,Night,Dry,Foggy,55.12661051752165,-6.797927708794237
208,Night,Wet,Snowy,51.7283054600768,-5.344171670413939
209,Afternoon,Dry,Rainy,54.956703639182635,-7.824476366333711
210,Morning,Dry,Clear,55.201608739185225,-5.0669138921943535
211,Evening,Dry,Clear,51.21619882502918,-0.2685812608132849
212,Evening,Snowy,Foggy,50.490797016885345,-2.8203947228742106
213,Morning,Wet,Rainy,56.24609268854752,-4.519044068317119
214,Evening,Wet,Foggy,53.678403390154564,-4.282607050936697
215,Evening,Wet,Rainy,50.46531036404381,-7.986463742845318
216,Morning,Dry,Rainy,57.958930537358135,-5.001994724347641
217,Night,Wet,Rainy,50.462244487970935,-1.5354125836206949
218,Morning,Wet,Clear,55.560281830868426,1.7419444381635714
219,Night,Dry,Snowy,57.86943140210731,0.4706082698389942
220,Evening,Icy,Foggy,51.91344083372741,-7.764050353544709
221,Evening,Dry,Snowy,51.13799494949757,0.9856060467483942
222,Evening,Wet,Foggy,50.97107951537943,-0.16801586701374038
223,Afternoon,Dry,Rainy,52.426201180540765,-0.1962387642901957
224,Night,Icy,Clear,50.80836648808517,-3.420042409964285
225,Afternoon,Dry,Snowy,55.53729073355306,-4.019947070454972
226,Afternoon,Wet,Clear,50.4983343850405,-4.970842711668074
227,Morning,Icy,Foggy,54.07537702519832,-7.343051410456342
228,Afternoon,Snowy,Clear,57.973574830823814,-5.717646365063009
229,Morning,Wet,Clear,56.51176215604815,-5.533963650219754
230,Morning,Icy,Snowy,54.92175550584809,-3.159229302897984
231,Afternoon,Icy,Rainy,52.45002896629289,-0.5255559340330604
232,Night,Snowy,Clear,54.99116669033311,-3.2619017160205335
233,Night,Dry,Rainy,54.216331711293215,-7.421555505528394
234,Night,Dry,Foggy,53.40866707112297,1.5778980098820394
235,Night,Wet,Clear,51.0456830139216,1.4272431909411232
236,Night,Snowy,Snowy,57.09283372192373,-0.14810456851591614
237,Afternoon,Dry,Foggy,53.59827719057058,1.913279015642205
238,Afternoon,Snowy,Foggy,51.55698009456612,-2.555176671997371
239,Evening,Dry,Snowy,52.942074807018315,1.6276835025320615
240,Night,Icy,Clear,53.31303802023142,-7.243949593832492
241,Afternoon,Dry,Clear,56.620303164534995,-4.343192517386287
242,Evening,Snowy,Foggy,55.86891504449122,-5.746187319932342
243,Night,Icy,Clear,56.15443914913072,-6.0416691586572995
244,Morning,Icy,Rainy,50.088250115429176,-6.591970511073239
245,Evening,Icy,Snowy,53.32923198543809,-1.7758635843400334
246,Afternoon,Snowy,Rainy,53.85075321308259,-0.18678144252694917
247,Morning,Wet,Clear,50.15353821458445,-2.2170160057963937
248,Morning,Wet,Foggy,52.07850566996027,-6.530372904117903
249,Morning,Wet,Snowy,56.08231858497708,0.1112376993347084
250,Evening,Snowy,Clear,51.096877645831995,-1.6404529283627154
251,Afternoon,Icy,Clear,54.282481051620735,-4.118342938730045
252,Morning,Wet,Foggy,51.7216149761379,-1.2586970446393702
253,Night,Snowy,Foggy,50.09696619715115,-5.400950207571672
254,Morning,Wet,Rainy,51.92961166079633,-4.548077915057895
255,Morning,Dry,Snowy,57.80699003928043,1.1748584313199029
256,Evening,Wet,Snowy,56.41229689506392,-5.094954943285796
257,Evening,Wet,Foggy,57.676613154568265,-3.300117318420634
258,Afternoon,Icy,Rainy,53.9028323514109,0.9014113739601459
259,Night,Snowy,Snowy,50.87788958942003,-0.9227864973247257
260,Evening,Icy,Foggy,54.383675911789545,-7.3779677383529725
261,Morning,Icy,Clear,53.63501867647969,-6.526969557210297
262,Afternoon,Icy,Snowy,56.754856661916925,-7.921584092280832
263,Morning,Icy,Rainy,50.784660646273956,-1.6907820977083663
264,Morning,Icy,Rainy,53.905929096174226,-3.5232657458958165
265,Evening,Wet,Rainy,51.200389317551874,-6.657251490977245
266,Afternoon,Icy,Clear,52.59740741512048,1.579341210567705
267,Night,Icy,Snowy,55.898856619102396,-2.703402760543801
268,Night,Snowy,Snowy,53.80814503495013,-5.581067058871108
269,Evening,Dry,Clear,53.00710628116615,-2.9939642884529247
270,Evening,Wet,Snowy,53.155810228560284,-1.203796672648922
271,Afternoon,Wet,Clear,53.67557414724789,-7.237607820264355
272,Night,Wet,Clear,56.280132350696455,-5.25296184952108
273,Night,Icy,Clear,57.136677511521874,0.06965490883993652
274,Night,Icy,Rainy,57.642677492031424,-3.403351295973388
275,Morning,Icy,Snowy,56.29522709004236,-2.534228579677051
276,Night,Snowy,Clear,52.523255165984104,-3.6718399779053073
277,Morning,Dry,Snowy,55.505077648692335,-7.561000573569949
278,Afternoon,Icy,Rainy,53.500824992443135,-6.342502201798441
279,Morning,Dry,Clear,52.03736497636841,-3.544583612581091
280,Afternoon,Snowy,Foggy,56.72697263540738,-5.908145345920722
281,Night,Wet,Rainy,50.3074107916986,-7.500209713403213
282,Night,Icy,Foggy,57.214095937083385,0.43649664051823756
283,Afternoon,Dry,Snowy,53.69181971699787,1.811925291641158
284,Evening,Dry,Snowy,55.09761181446624,-0.06857126003260561
285,Afternoon,Icy,Rainy,55.274831377646265,0.53784921704667
286,Evening,Wet,Snowy,57.16094192565229,-5.580228696829546
287,Morning,Wet,Foggy,55.09335745733766,1.606269755131997
288,Morning,Wet,Clear,54.911468678080496,-6.030742955465716
289,Morning,Snowy,Clear,50.53321632448552,1.514298103618323
290,Night,Dry,Clear,54.14726417556163,1.94819293965951
291,Morning,Dry,Rainy,51.20135200653633,-0.8827719425395131
292,Evening,Dry,Snowy,55.899470149771886,1.8114373179182195
293,Morning,Snowy,Foggy,54.097775366501395,-2.3046022043289636
294,Afternoon,Dry,Snowy,55.44182223366683,-5.404582168239097
295,Afternoon,Snowy,Snowy,50.33338320481907,-3.6300411433437914
296,Night,Wet,Snowy,50.678336128366425,-2.06439064621214
297,Afternoon,Icy,Clear,55.73058710450146,-7.26918437972985
298,Evening,Dry,Foggy,50.57667468798939,-1.7765673538275388
299,Morning,Dry,Foggy,50.57005382212207,1.8117783676229458
300,Night,Wet,Snowy,50.0968678018791,-6.098923502162724
301,Morning,Icy,Clear,57.65201118639584,-0.07404883711616694
302,Morning,Snowy,Clear,55.90006687567205,1.0789879377961942
303,Evening,Icy,Foggy,52.826011268016515,1.4370159282022072
304,Afternoon,Wet,Clear,52.37228465030124,1.601356044054473
305,Afternoon,Wet,Clear,52.7976258379668,-2.785403612785281
306,Morning,Icy,Clear,56.19722824944945,1.7730790799150373
307,Night,Snowy,Rainy,55.290964888563316,-0.4268979286556114
308,Afternoon,Snowy,Snowy,51.48156454293974,-6.383285637630381
309,Night,Dry,Foggy,51.39287468267268,-3.2309989353203
310,Afternoon,Snowy,Foggy,50.78716519770718,-0.8166882462799601
311,Night,Icy,Rainy,55.282421757610706,-5.526596841809167
312,Evening,Wet,Snowy,56.11498129777389,-1.593848164511126
313,Night,Dry,Foggy,52.12037142660003,-1.333995209533808
314,Evening,Dry,Clear,50.1675596882473,-6.373002561914341
315,Evening,Wet,Foggy,50.65737333981142,-2.349146875472437
316,Night,Snowy,Clear,57.742880278760246,-0.2837308902139233
317,Evening,Wet,Rainy,52.36355821981936,-3.011043354640581
318,Morning,Snowy,Clear,56.15378518270507,-7.878968832238925
319,Evening,Wet,Foggy,54.99730855083411,-7.909615309207078
320,Afternoon,Icy,Foggy,53.05551711722317,-4.429706560299878
321,Night,Snowy,Foggy,51.64549809756444,1.2619406843178194
322,Morning,Icy,Rainy,50.971091345275255,-5.713232203963912
323,Night,Dry,Rainy,54.920103744310936,-1.6563631112831283
324,Afternoon,Wet,Snowy,56.1970702451023,-5.779241293066795
325,Afternoon,Dry,Foggy,55.15123402832904,-4.783300103404514
326,Afternoon,Dry,Clear,54.242417065993266,0.4804208960148397
327,Evening,Dry,Rainy,50.33560978745309,-0.7113855773005309
328,Evening,Dry,Foggy,57.747910220755074,-7.046007226867894
329,Night,Wet,Foggy,56.389713533236595,-3.7129797901356643
330,Night,Dry,Rainy,52.34257629360772,-7.7083023635473555
331,Morning,Wet,Snowy,57.83976263487081,-3.1910985339699103
332,Morning,Wet,Rainy,54.81505271709058,-1.3756598829893196
333,Night,Icy,Rainy,54.65938126565797,-6.814973764018484
334,Evening,Snowy,Clear,55.98458543543626,-5.111150610908343
335,Afternoon,Snowy,Clear,56.4941583047211,-4.0216337449784305
336,Night,Wet,Snowy,55.25182885865202,1.1953102465604974
337,Morning,Icy,Foggy,51.0247659709296,1.9325501542296397
338,Evening,Wet,Rainy,52.706140047955984,-7.550887010043842
339,Night,Wet,Snowy,57.4246691226084,-0.38992076504607986
340,Night,Wet,Clear,51.796924894750816,-4.282759335976568
341,Evening,Icy,Rainy,52.97733619070011,-4.075418137705199
342,Night,Snowy,Foggy,53.45661506355357,-0.4573502665297733
343,Evening,Icy,Clear,53.51523991755562,1.184264321454087
344,Afternoon,Dry,Clear,54.9035166599562,1.5092859450254839
345,Evening,Icy,Clear,57.54460670195766,-2.2287741396167924
346,Evening,Icy,Snowy,51.92554169466004,-4.428788406994972
347,Evening,Icy,Foggy,50.97201101040734,-0.12450914141220792
348,Night,Icy,Rainy,51.5797639188795,-5.489986167376998
349,Night,Snowy,Snowy,57.095399201674155,-2.359259711664823
350,Evening,Dry,Snowy,55.16648650124165,-4.414215384751269
351,Night,Snowy,Snowy,52.28725431391328,-1.4336892629212388
352,Morning,Snowy,Clear,56.527575511748935,-5.596010871064931
353,Morning,Icy,Foggy,56.89095997090749,-6.084070542651743
354,Night,Wet,Snowy,56.77211470952223,1.1823908667543712
355,Night,Wet,Rainy,57.35141226911644,-6.981963170504631
356,Evening,Snowy,Foggy,52.01792816138689,-2.9404209226506834
357,Afternoon,Snowy,Rainy,56.04033542997023,-5.791472170369911
358,Night,Icy,Foggy,53.68431597819312,-7.610700366743325
359,Morning,Snowy,Rainy,56.73598842312049,-7.639811817085736
360,Evening,Icy,Clear,55.8279254172929,-6.2477822789417266
361,Night,Wet,Snowy,56.211579571997795,0.667703545060002
362,Morning,Wet,Rainy,55.24929470144857,-5.175212560229733
363,Morning,Dry,Foggy,51.41943015575765,1.5045917057529579
364,Afternoon,Wet,Snowy,54.360215351175505,-2.1837770701080643
365,Evening,Snowy,Snowy,57.87735791619607,-3.633858102312339
366,Evening,Wet,Foggy,57.499104531976954,-2.1991116533054544
367,Afternoon,Icy,Rainy,50.3453898863761,-2.8330161477373226
368,Afternoon,Wet,Clear,51.3185185258355,-0.41223746242674864
369,Evening,Dry,Clear,51.05383018763649,-5.175039340271478
370,Evening,Wet,Rainy,55.807839279882366,-4.469496083996976
371,Night,Icy,Snowy,56.54228263885556,0.9409430253325066
372,Night,Icy,Snowy,51.708090930485376,1.4645651315040542
373,Afternoon,Snowy,Snowy,54.046821543614634,0.9255822748647446
374,Night,Wet,Snowy,56.7256242240896,-3.805520060426864
375,Morning,Icy,Rainy,55.86241235813,-0.19634496993118322
376,Night,Dry,Snowy,54.33789764393479,-3.2366426669890123
377,Night,Snowy,Foggy,54.722781523670186,-3.024601478538978
378,Morning,Dry,Snowy,54.06688437533024,-5.953198909427161
379,Afternoon,Wet,Clear,52.380387610550564,-2.088696967414835
380,Morning,Wet,Snowy,54.52017594287213,-6.138641022466521
381,Night,Wet,Rainy,55.511082416400725,-4.6843530093280625
382,Afternoon,Snowy,Clear,56.98658332688646,0.5503020161993515
383,Night,Icy,Rainy,55.09033083183398,-5.929241907891448
384,Morning,Snowy,Rainy,56.08897229634526,-7.288417148265672
385,Morning,Dry,Clear,51.28057307963658,-7.309924073871837
386,Night,Snowy,Rainy,53.69245979535832,1.4078452050310784
387,Evening,Dry,Rainy,50.074652958616745,-2.9307956203816534
388,Evening,Snowy,Snowy,51.97343091617299,-3.905879281829817
389,Morning,Icy,Foggy,55.81169372090404,0.10878581007918342
390,Morning,Dry,Rainy,57.93447961079491,0.35825927910516064
391,Evening,Wet,Rainy,50.79342479669773,-4.678089668843954
392,Evening,Wet,Rainy,53.21195452689031,-1.0638194252620474
393,Night,Snowy,Snowy,56.40056774959328,-0.2887718414811342
394,Night,Wet,Foggy,51.63228507703119,-1.4534931313404549
395,Evening,Dry,Clear,54.44067959441829,-6.484049251999006
396,Night,Wet,Snowy,55.864570368237395,0.7588308351705706
397,Night,Icy,Snowy,54.92788360208143,-2.6090544726399134
398,Afternoon,Icy,Foggy,51.50419787692333,-5.175275736299963
399,Night,Snowy,Foggy,52.843076549485914,-3.747718145623061
400,Morning,Dry,Snowy,56.27033427588318,-7.624289096010926
401,Night,Icy,Clear,54.433812113056135,-6.721331987775825
402,Night,Icy,Snowy,50.0418369083433,-0.3445324948413919
403,Evening,Dry,Foggy,56.08792608022475,-7.999883652446338
404,Morning,Wet,Clear,50.28249083952191,-3.8343417151770787
405,Night,Wet,Foggy,55.96587026184986,-2.774898189144116
406,Night,Snowy,Clear,51.6198444813219,-7.453655799990277
407,Afternoon,Wet,Rainy,57.66458784095504,1.730781629723328
408,Night,Dry,Foggy,52.943526010416676,-5.738746687503281
409,Night,Icy,Foggy,52.615452930704635,-4.9580128036371915
410,Afternoon,Wet,Snowy,51.191104402659555,-4.9605748774497265
411,Evening,Snowy,Foggy,52.44483372392172,-5.695833378826501
412,Night,Wet,Foggy,57.0132060946256,-7.985261779136886
413,Afternoon,Dry,Rainy,57.97067470101798,-0.7065520591200363
414,Morning,Snowy,Foggy,52.946476244054786,1.6684549979928534
415,Evening,Wet,Rainy,53.58888504763634,-5.757065167149549
416,Morning,Snowy,Rainy,55.7765675056219,-1.3695280819657754
417,Morning,Dry,Rainy,57.0895662437206,-0.5810367304128494
418,Afternoon,Icy,Rainy,54.74435467349427,0.4842537909052478
419,Night,Dry,Clear,53.13220558542263,-3.7737080298639087
420,Afternoon,Dry,Snowy,53.30097472678899,-4.970690943595708
421,Afternoon,Dry,Clear,55.56494517197446,-4.747048659769689
422,Afternoon,Dry,Foggy,50.02574610883423,-0.8737866690148719
423,Afternoon,Icy,Clear,54.95671469967873,0.16779466505636087
424,Evening,Icy,Clear,52.84394408353086,-6.183860322433974
425,Night,Snowy,Foggy,56.353578650216676,-4.290589918422348
426,Morning,Wet,Foggy,50.743925118585054,1.0194019674915005
427,Morning,Icy,Foggy,54.70561813558712,0.06693519694739258
428,Night,Icy,Clear,53.84778311908899,1.8485840276247583
429,Morning,Wet,Clear,55.13860420724182,-0.45751740317919243
430,Night,Icy,Foggy,50.518828755863744,-4.068047989720777
431,Morning,Dry,Snowy,54.63987029942505,-2.093621660053622
432,Afternoon,Dry,Snowy,54.49187670367619,-1.389857457526797
433,Morning,Wet,Rainy,54.48528075532937,-7.21544183682876
434,Night,Snowy,Foggy,54.82790133277164,-2.5550304089613487
435,Night,Snowy,Rainy,55.411743497810896,-0.9067917152739042
436,Night,Wet,Snowy,56.43991199744616,-6.326786959989397
437,Night,Wet,Rainy,52.15856576102571,-0.1936828257444283
438,Night,Dry,Foggy,56.6003952814405,-2.1622721948588834
439,Evening,Snowy,Foggy,53.986045458107625,1.5222178569759457
440,Evening,Icy,Foggy,50.61646623307465,-7.575777017931083
441,Morning,Dry,Clear,50.46840743395183,-5.34673862444533
442,Night,Wet,Rainy,52.673906549568486,-1.9844612070017593
443,Morning,Snowy,Snowy,56.27917581689174,-5.034400877940693
444,Night,Icy,Snowy,55.661447477927325,-0.8557583592875782
445,Night,Icy,Snowy,56.308919717379254,-0.4099471747806902
446,Evening,Dry,Clear,54.138152451532875,-6.974840359335255
447,Evening,Snowy,Clear,53.52159198364392,-2.861455357932323
448,Afternoon,Snowy,Foggy,51.179620213650274,-2.911094444089441
449,Evening,Wet,Snowy,52.62554202887449,-4.30719229784459
450,Afternoon,Snowy,Clear,53.472154929391,1.3292486256967209
451,Afternoon,Snowy,Foggy,50.70880343743694,0.2750631987322123
452,Afternoon,Dry,Snowy,51.76489562168969,-1.0279061809036323
453,Afternoon,Snowy,Rainy,54.78580235250991,-0.856733642650024
454,Afternoon,Icy,Foggy,55.885304913913515,-3.382838561868809
455,Morning,Dry,Clear,57.9867800911436,1.209945210965758
456,Evening,Dry,Clear,57.46490665074846,-1.0540457274671464
457,Afternoon,Wet,Foggy,55.14052159628153,-0.7101893834418354
458,Night,Snowy,Foggy,53.36998442635257,0.6169090378734516
459,Evening,Wet,Clear,55.08941891766586,-5.2592841065780895
460,Evening,Icy,Rainy,56.285212944641856,0.07070903866702949
461,Afternoon,Dry,Snowy,50.9466895273871,-6.04759397043508
462,Morning,Dry,Rainy,53.279239117570306,-4.546580477551122
463,Afternoon,Dry,Foggy,56.71841828508494,-4.643895457301573
464,Morning,Icy,Rainy,53.070663615464355,1.7852546838914058
465,Night,Icy,Clear,54.57497816981749,0.5653722374792682
466,Evening,Wet,Foggy,54.70215488689759,-0.9883013840974026
467,Night,Wet,Snowy,51.475810025069116,-0.729432383846099
468,Morning,Wet,Clear,52.897883533218305,-2.3792720559742895
469,Morning,Snowy,Clear,52.67609030993546,1.4709066710851904
470,Night,Dry,Snowy,50.20957366825652,-3.037412471176385
471,Morning,Dry,Snowy,50.193534111130845,-4.1948229013010545
472,Night,Wet,Rainy,56.65357634940619,-6.36964663068409
473,Evening,Dry,Foggy,52.1845664797825,-0.13794347738942037
474,Night,Wet,Snowy,54.144630129910524,-0.6555606792440853
475,Evening,Snowy,Snowy,52.389804588710184,-4.156449614758651
476,Night,Snowy,Foggy,57.525433960922726,-7.748065860407706
477,Morning,Icy,Snowy,52.07437407092619,0.38997327718010766
478,Night,Snowy,Snowy,53.43725450191148,-7.885820165459264
479,Morning,Wet,Rainy,56.981842003876814,-0.9630022037094905
480,Night,Snowy,Clear,56.73546853433447,1.70257109726057
481,Night,Icy,Clear,51.48881134277022,-3.623386718517965
482,Afternoon,Dry,Clear,56.421146478365685,-5.650265950040472
483,Morning,Wet,Clear,53.66549509390314,-0.9512898995661825
484,Afternoon,Dry,Snowy,53.863750976682844,0.1712814201558519
485,Morning,Icy,Foggy,51.06783977932755,-2.5356968392215267
486,Afternoon,Icy,Foggy,50.644812110056996,1.6703527525614614
487,Evening,Icy,Rainy,55.82351445579012,-7.483312783420389
488,Night,Dry,Rainy,53.9716892188424,-2.9520440169547184
489,Morning,Dry,Snowy,53.49480562092144,-0.8154605267744994
490,Morning,Dry,Foggy,55.83606582921917,0.626404711491789
491,Night,Dry,Foggy,56.12410319192888,-6.207443880922099
492,Morning,Icy,Clear,51.27126534135483,3.4817636814565844e-05
493,Morning,Icy,Snowy,54.88180119582113,-2.4729292428145477
494,Afternoon,Wet,Snowy,51.082832658221484,-4.034463180100368
495,Morning,Wet,Clear,56.011000688232365,-6.682849714209064
496,Evening,Dry,Snowy,55.25564125013712,0.6529575890891248
497,Evening,Snowy,Snowy,57.65291696866766,-6.427267918202847
498,Night,Snowy,Rainy,50.55166413085137,-4.902121407909007
499,Morning,Icy,Foggy,50.456437769210034,-5.099544680375631
500,Night,Icy,Snowy,52.257496597545604,0.7141403419085428
501,Evening,Icy,Rainy,52.09364546988725,-1.27297005791102
502,Morning,Wet,Foggy,51.975830392576,-0.03318602808627702
503,Morning,Wet,Clear,57.25003664416829,-5.49532101207501
504,Night,Icy,Rainy,51.99636959879605,-1.751259003930011
505,Evening,Icy,Rainy,52.17559780902905,-2.2825401685625133
506,Morning,Icy,Foggy,56.07518609934371,0.3283037678827103
507,Night,Snowy,Clear,53.59791873960432,1.0608706048126049
508,Evening,Wet,Rainy,56.21368445564145,-7.878432285226132
509,Night,Snowy,Snowy,50.522929260515085,-1.2598008094120736
510,Afternoon,Snowy,Snowy,53.90056954938707,-7.48164200880271
511,Morning,Icy,Snowy,50.26890880146626,-2.5114133492264408
512,Afternoon,Icy,Clear,50.50122562764284,-5.123672709563218
513,Evening,Dry,Rainy,57.25149962675529,-4.9322340047785875
514,Afternoon,Dry,Snowy,51.11396296894076,-4.470414965476435
515,Afternoon,Snowy,Clear,54.259365458201735,-1.7870755095038984
516,Evening,Wet,Snowy,53.28876482080565,-4.659500343312308
517,Night,Icy,Foggy,52.77874661007074,-0.6730094940971956
518,Afternoon,Icy,Rainy,57.19866676549818,-3.9547261442613033
519,Night,Snowy,Rainy,50.174587174203914,-7.316467996900414
520,Afternoon,Dry,Clear,55.31031748940471,-0.1624015751589276
521,Night,Wet,Clear,57.707155473708404,-5.14241675407294
522,Evening,Dry,Rainy,54.48134546769474,-3.6723312040073735
523,Afternoon,Dry,Snowy,57.494579696264736,-1.1455611677809845
524,Evening,Dry,Snowy,50.41806303428819,-4.67543842851288
525,Afternoon,Dry,Foggy,53.350346552593294,-7.4341434385328435
526,Evening,Icy,Snowy,52.08126232769641,-4.2607895298718645
527,Evening,Icy,Clear,55.84656771984584,1.4444858269430334
528,Afternoon,Dry,Clear,57.85037672397797,-1.5826560270144183
529,Afternoon,Wet,Snowy,52.05224049955398,-1.2852085133279303
530,Afternoon,Snowy,Clear,55.233396811792595,-1.6771784636236013
531,Morning,Wet,Rainy,51.58478106207792,-6.010078610405632
532,Night,Wet,Rainy,54.522642036572876,-3.816661358977199
533,Morning,Wet,Snowy,53.71145989350669,-0.4906020163668172
534,Morning,Dry,Rainy,57.7760426370523,-6.986271024468408
535,Evening,Icy,Rainy,54.868218181571734,-5.221472239102877
536,Afternoon,Wet,Foggy,52.79605097669455,-5.236808915341464
537,Night,Dry,Foggy,50.912766279103465,-3.6798107240549403
538,Evening,Wet,Rainy,51.209974629879476,1.8036874094218511
539,Morning,Wet,Snowy,51.80253543960988,-7.324974533161781
540,Afternoon,Dry,Foggy,52.007733290722385,-2.8129900561940495
541,Evening,Icy,Clear,56.8049284627291,-6.206353179877896
542,Afternoon,Icy,Clear,54.489782306260196,1.7067654540974413
543,Evening,Snowy,Clear,54.18712729099493,-6.866964952725358
544,Afternoon,Dry,Snowy,50.91815097495374,-3.963989976384088
545,Morning,Snowy,Rainy,56.88111754679548,-0.6211501516539384
546,Night,Snowy,Clear,55.78251442566787,-0.954455719725547
547,Morning,Snowy,Snowy,50.541346895200014,-3.772713631060677
548,Night,Icy,Foggy,55.66268077783815,-4.534758320472818
549,Afternoon,Dry,Rainy,54.34830573874117,-4.0238762144712945
550,Evening,Snowy,Foggy,50.65380276597423,-5.357237368413607
551,Morning,Dry,Snowy,53.66640513222925,-5.946670612932002
552,Night,Dry,Clear,53.87757029704038,-3.1696030244111
553,Morning,Icy,Clear,51.326196321306206,-5.314662439323927
554,Night,Snowy,Snowy,57.56558517600226,-5.125383351027499
555,Morning,Snowy,Clear,56.799802971845295,-1.4324393652544298
556,Night,Dry,Rainy,55.35217869863287,1.6853733169989216
557,Night,Wet,Snowy,53.698364488004856,-1.9636279944062487
558,Afternoon,Icy,Foggy,53.29412433267607,-7.230205329350337
559,Night,Icy,Snowy,55.20778773720763,-7.24416386145933
560,Afternoon,Icy,Rainy,54.36345495525524,1.5142322084556596
561,Night,Icy,Rainy,50.498184847055086,-5.027092096926664
562,Evening,Snowy,Snowy,54.10002119016265,-7.079330139175246
563,Evening,Snowy,Snowy,56.451228937862716,-2.009554128496184
564,Evening,Wet,Clear,53.673919020775664,-1.7635122170973387
565,Night,Icy,Rainy,50.415652620434145,-1.5149517988131187
566,Afternoon,Icy,Snowy,56.290225595072265,-5.325979721424587
567,Afternoon,Dry,Snowy,51.610910257087795,-7.848893157855249
568,Night,Snowy,Rainy,52.06896667910431,1.6501536945447182
569,Evening,Icy,Snowy,51.317650827458365,-5.491069543088975
570,Evening,Wet,Clear,52.64172051897198,-1.2397371194745253
571,Afternoon,Wet,Rainy,56.05401204550908,-0.9337013012129045
572,Evening,Snowy,Clear,54.1550868760315,-1.8999258292051433
573,Morning,Wet,Clear,51.6390501932057,-4.870926057863517
574,Afternoon,Wet,Clear,57.022640625216326,-5.289037462359342
575,Evening,Snowy,Clear,57.03665483961223,-2.023317172972969
576,Afternoon,Icy,Rainy,56.96462740036806,0.6609563361169144
577,Morning,Icy,Clear,51.91036969105232,1.4673372892339565
578,Afternoon,Wet,Clear,53.6099147534479,-6.9409419559624235
579,Afternoon,Wet,Snowy,57.879917249127004,-6.4517138740228015
580,Afternoon,Icy,Rainy,56.176099810479926,1.4473625878307956
581,Afternoon,Snowy,Rainy,50.21733936980448,-0.6346477166520739
582,Morning,Wet,Foggy,50.521636730083934,0.8299382482977311
583,Night,Dry,Rainy,53.711451014498664,-5.973673658646568
584,Afternoon,Snowy,Rainy,57.27376164689248,-2.1241412889059816
585,Afternoon,Wet,Foggy,54.309614383621714,-0.9886040558252631
586,Evening,Wet,Rainy,53.98250006427432,-1.1988811455302733
587,Afternoon,Dry,Rainy,50.84378959965304,-3.9184830913330186
588,Evening,Dry,Rainy,55.254240837794356,-7.846051083086915
589,Night,Icy,Rainy,56.57682528480181,-2.1707394319573687
590,Morning,Snowy,Foggy,53.0433600600605,-5.468984608203913
591,Morning,Snowy,Rainy,56.20489480740262,-3.497457538571097
592,Night,Icy,Rainy,57.715813231206496,1.5758101508381728
593,Morning,Snowy,Foggy,51.63013167302151,-4.009646823575653
594,Night,Snowy,Snowy,54.18663704955793,0.39801606664426714
595,Night,Snowy,Clear,52.297103664676605,-6.114593942507488
596,Night,Snowy,Snowy,56.34283535227071,-1.2753950197497117
597,Morning,Snowy,Foggy,54.62074692704926,1.7700695443894343
598,Evening,Dry,Clear,55.07665934040243,-6.981068991270632
599,Night,Snowy,Foggy,56.383313276927154,-7.91680057772808
600,Afternoon,Dry,Foggy,53.16776378129964,-3.664172073673857
601,Morning,Snowy,Rainy,57.32072054725634,-7.073745169486328
602,Night,Icy,Clear,54.26423093796912,-0.5161565032376867
603,Night,Wet,Rainy,51.26363858268279,1.1454866384855897
604,Afternoon,Dry,Clear,55.56719294535042,-3.659790272912412
605,Evening,Snowy,Foggy,56.34609080350604,-5.412883578445591
606,Evening,Icy,Foggy,52.534093416540216,-3.6559668099339024
607,Evening,Wet,Snowy,56.857434055990026,-0.7655218214999895
608,Night,Dry,Clear,57.24914603812613,-7.90945838419629
609,Night,Wet,Rainy,52.215235899022474,-2.1054601051530284
610,Night,Icy,Snowy,57.86817178172178,-1.8670831511262094
611,Morning,Dry,Snowy,51.125692224390065,-1.623117531040645
612,Afternoon,Wet,Snowy,51.61612534721992,-5.579779200191227
613,Night,Snowy,Rainy,51.47379871390421,-0.8594727662187323
614,Afternoon,Dry,Snowy,57.151917680062965,-7.086085136682236
615,Afternoon,Wet,Rainy,55.23434041859969,-6.007296635331992
616,Evening,Icy,Snowy,51.21683426577818,0.7747004665448198
617,Morning,Icy,Rainy,53.52258734694679,-0.612768492734336
618,Night,Dry,Foggy,54.92238420055842,-7.862544459886547
619,Evening,Wet,Foggy,50.66771267991507,-5.516237396301998
620,Evening,Dry,Foggy,57.05933094725871,-5.855935170068355
621,Night,Dry,Foggy,56.42882828353228,-5.291936719630274
622,Afternoon,Wet,Foggy,54.04165418861311,-5.524402297201136
623,Evening,Wet,Snowy,57.73701292207336,-7.374737042571542
624,Afternoon,Snowy,Snowy,53.3420878342008,-3.410594834031796
625,Morning,Wet,Snowy,57.87288255229198,-0.6726652521383487
626,Afternoon,Icy,Rainy,55.343359990429015,-1.9326827528256363
627,Morning,Dry,Rainy,55.07737018603153,-1.2712833140192021
628,Afternoon,Dry,Rainy,51.32763916236628,-7.188508214637609
629,Evening,Icy,Rainy,57.05542206643715,1.5149071017678715
630,Evening,Wet,Foggy,53.41991750336492,0.38491833843024814
631,Morning,Icy,Foggy,51.297867246259834,0.05090318495662771
632,Night,Icy,Foggy,50.100860159806075,0.22983805041767447
633,Morning,Snowy,Clear,54.47804546910706,1.3271050813276126
634,Morning,Icy,Snowy,54.21919697698141,-2.557460338863023
635,Afternoon,Dry,Rainy,55.75482897895327,-5.997179821323741
636,Afternoon,Icy,Rainy,57.122064424142415,-1.8321639214745886
637,Morning,Dry,Foggy,50.63525267714424,-0.5711850633206099
638,Evening,Dry,Rainy,55.851971922722896,-0.6208260664597463
639,Afternoon,Dry,Rainy,51.49929555278066,-2.785509758331199
640,Night,Wet,Snowy,56.86541642525731,-7.315412806664219
641,Afternoon,Snowy,Foggy,56.55250811089325,-4.2888706156987215
642,Afternoon,Dry,Snowy,54.32635003988435,1.2076660846335727
643,Night,Dry,Clear,55.68194238898649,-2.15551090242574
644,Morning,Wet,Clear,52.51480090546999,-2.6166805674428657
645,Night,Dry,Clear,53.76934319146252,-5.311464856178064
646,Morning,Icy,Foggy,56.573095181683776,-4.315510800834211
647,Morning,Icy,Rainy,53.67412157738571,0.9534608915316927
648,Morning,Snowy,Foggy,52.86238612260353,-1.335369524731643
649,Night,Dry,Foggy,53.9536995780024,-0.12612973247667192
650,Morning,Wet,Rainy,56.625994019497746,-3.4565457693234487
651,Evening,Icy,Snowy,52.681664378966985,-1.6975278054384209
652,Night,Wet,Clear,51.39009274508595,-5.516163912567925
653,Evening,Wet,Snowy,55.696112162646244,-0.945391697165137
654,Morning,Icy,Clear,56.60782570166465,-3.7239866629666274
655,Afternoon,Wet,Foggy,50.80509982818827,-3.5745448518525444
656,Morning,Icy,Clear,51.918992902047556,-1.5067767542311836
657,Evening,Wet,Foggy,51.13577591808795,1.3628062146892663
658,Evening,Icy,Snowy,52.78353129265733,-7.359936533913791
659,Night,Dry,Foggy,53.602807831243304,0.24743237347007607
660,Afternoon,Snowy,Snowy,55.99061069570645,-5.076168895878069
661,Night,Icy,Rainy,55.20918067905339,-3.5608054549362222
662,Evening,Icy,Rainy,54.96742853982745,-7.78086671224991
663,Morning,Snowy,Rainy,52.81899957287723,-4.9895392216568695
664,Afternoon,Icy,Foggy,56.73158042467808,-2.9736875736986956
665,Morning,Icy,Rainy,53.77029733918532,-7.43823922652561
666,Morning,Wet,Clear,57.83283950412124,-3.0890427061683488
667,Afternoon,Snowy,Snowy,55.07313710636589,1.2711062885842725
668,Night,Dry,Snowy,51.010117932516025,-6.946067818921948
669,Morning,Icy,Clear,55.409420496603474,-0.3555927192449566
670,Evening,Snowy,Foggy,52.60083212345359,-3.9032894662400732
671,Morning,Wet,Foggy,55.49061757348878,-1.4482628547566199
672,Afternoon,Dry,Snowy,50.557129185299246,-5.397634020147707
673,Afternoon,Snowy,Rainy,51.399051497407676,-6.405077374586417
674,Afternoon,Dry,Foggy,56.84589807124629,-6.395373857287735
675,Night,Dry,Foggy,51.81743645618812,-7.295080543568553
676,Morning,Dry,Clear,56.69632900194352,-6.14353295098757
677,Night,Icy,Clear,52.23420870763528,-1.3578061501103171
678,Night,Icy,Rainy,55.14305528046966,0.8169061184350799
679,Afternoon,Wet,Foggy,55.55320458807865,0.1412568559116174
680,Afternoon,Wet,Foggy,54.10123802516043,-1.1486569012551593
681,Night,Snowy,Clear,52.44248541357385,-6.895681365888973
682,Morning,Wet,Foggy,51.70115501096877,-5.108125537040502
683,Evening,Dry,Snowy,50.265514836499406,-4.901931246775311
684,Night,Dry,Clear,52.43157120992579,-5.500430536023788
685,Morning,Icy,Rainy,55.225302324250265,-2.8499434029027686
686,Afternoon,Dry,Clear,57.50643854758786,-2.6444618512032747
687,Afternoon,Snowy,Foggy,56.96963585810442,-4.431140248288898
688,Morning,Dry,Rainy,56.12851821228242,-4.46210841263564
689,Evening,Dry,Clear,56.30757874602639,0.2855559790608133
690,Afternoon,Snowy,Snowy,55.31987922780796,-0.10707151680314375
691,Afternoon,Wet,Snowy,52.08229486052802,-4.9220416831925435
692,Afternoon,Wet,Clear,57.25756024564664,1.137884438732593
693,Morning,Snowy,Snowy,55.36585849524667,1.5281501700250608
694,Night,Icy,Snowy,54.48352504784352,-4.732574579699592
695,Afternoon,Dry,Snowy,50.88791575370785,-4.455750512069452
696,Night,Snowy,Rainy,53.5764443504514,-2.9436584657804117
697,Evening,Dry,Snowy,53.68286616961541,1.411208125336735
698,Afternoon,Icy,Snowy,56.91650887618136,0.7631943314231151
699,Afternoon,Dry,Snowy,54.373185761502306,-6.974320374164102
700,Evening,Snowy,Rainy,53.043204391763275,-4.072692567285838
701,Afternoon,Dry,Clear,57.814402628085276,-2.466288102502282
702,Night,Wet,Foggy,50.885764746610526,-2.9686752744845997
703,Morning,Icy,Snowy,53.38038742649556,-6.061369320631073
704,Night,Icy,Clear,50.336197401371244,0.588167711681546
705,Morning,Icy,Snowy,55.91923296613544,-1.2305921700316267
706,Morning,Snowy,Rainy,57.344612417593204,0.3790837485180365
707,Night,Icy,Clear,52.240298636403914,0.5876427934947213
708,Night,Wet,Rainy,56.86673341439297,-0.516441463342602
709,Night,Snowy,Snowy,52.33774584369518,-3.607893987502827
710,Night,Wet,Snowy,57.28616129315132,-1.8945324498457543
711,Evening,Dry,Rainy,56.03169522877427,-6.396345938802568
712,Afternoon,Dry,Foggy,56.439254214731505,-1.2635458252509233
713,Morning,Dry,Rainy,50.144052444803634,-6.207467442607193
714,Night,Dry,Snowy,57.702482856592205,-1.0605040948984321
715,Night,Wet,Rainy,55.813367936562585,-5.704018392460314
716,Night,Snowy,Foggy,52.438008763089066,-6.8244869984978
717,Evening,Snowy,Rainy,56.635157318870775,-6.3471550985704255
718,Night,Icy,Foggy,52.25216958731944,-7.9800786478092975
719,Night,Wet,Foggy,56.982030716529025,-0.8126038214646973
720,Night,Dry,Rainy,50.900643123295495,-0.6759895094162092
721,Afternoon,Wet,Rainy,55.62948781968637,-2.8506665008674057
722,Evening,Icy,Clear,54.32558781315928,-6.386371989446163
723,Night,Icy,Snowy,50.77227576156353,-7.164456624893102
724,Morning,Wet,Foggy,51.93515062607071,-7.80871033562713
725,Morning,Wet,Clear,50.09923229021852,-6.3425182303477925
726,Morning,Wet,Rainy,53.75014372371605,0.9085553498314667
727,Evening,Snowy,Snowy,52.41012208608,-5.5846315829831825
728,Evening,Dry,Clear,54.786859874382074,-4.457286727827843
729,Morning,Wet,Foggy,52.37790246166894,-6.946545155186668
730,Night,Wet,Clear,52.39935289205588,-5.776386952518298
731,Evening,Wet,Foggy,55.94554558985283,-2.8077542921979486
732,Morning,Icy,Rainy,50.38514268782683,-1.9224731690434744
733,Morning,Icy,Snowy,57.2231599615359,-5.54647685833789
734,Night,Snowy,Snowy,56.81811099512945,-7.422678407748828
735,Afternoon,Dry,Snowy,55.34243746581125,-4.089671308726014
736,Evening,Snowy,Rainy,54.74577256085907,-5.657966290736659
737,Night,Dry,Foggy,57.13841998511722,-5.804460767701981
738,Morning,Icy,Rainy,51.48264143622971,1.598628027134552
739,Morning,Icy,Snowy,50.63175329752663,-1.8369951407427596
740,Night,Icy,Rainy,51.916081359276305,-2.4312155682790415
741,Evening,Snowy,Rainy,56.356626229601524,-3.842248964766781
742,Afternoon,Wet,Rainy,50.27736213381186,-3.710556665698557
743,Afternoon,Wet,Foggy,54.66245468066792,-2.5909499616191916
744,Morning,Icy,Clear,57.96350012953048,-1.0357019296389272
745,Evening,Wet,Clear,56.845568750700316,-0.9785390381817054
746,Afternoon,Wet,Rainy,54.171565512348714,-6.283060922945504
747,Evening,Snowy,Clear,50.509127274293135,-2.9988724792337305
748,Evening,Dry,Clear,56.65098811508568,-3.8804190496589808
749,Morning,Icy,Rainy,54.79182806541768,0.7052696626938424
750,Afternoon,Icy,Rainy,50.919463976476536,-1.6858107878162363
751,Night,Snowy,Snowy,50.75085827858685,-2.6749593358401818
752,Morning,Snowy,Clear,57.27701455549274,-6.846053578210826
753,Afternoon,Wet,Foggy,55.35360210350463,-1.9436211067658853
754,Afternoon,Icy,Rainy,56.634294394534045,-6.827960943197666
755,Afternoon,Dry,Snowy,57.03183120225814,-4.627934244342479
756,Afternoon,Snowy,Foggy,54.57417881638658,-6.5715803518566815
757,Afternoon,Dry,Clear,54.13957081404033,-1.079263529756311
758,Evening,Dry,Snowy,53.44341928256792,-5.937478861638474
759,Morning,Icy,Rainy,52.535572702328956,-4.08140626811974
760,Evening,Icy,Foggy,53.47676768686969,0.9567477761877861
761,Night,Snowy,Rainy,56.19103724584125,-5.956836166010297
762,Afternoon,Icy,Clear,54.81538744812105,-2.921949360412209
763,Morning,Icy,Foggy,57.14018631963877,-3.80728338833978
764,Afternoon,Icy,Clear,53.547040115033504,-7.818759589542703
765,Morning,Dry,Clear,54.85671662975003,-0.07241886427187261
766,Evening,Snowy,Snowy,55.05046042473591,-7.3095409368540025
767,Morning,Wet,Rainy,54.733577298450605,-3.2574497902304635
768,Night,Dry,Foggy,55.62107018468413,-2.3932170506105006
769,Night,Icy,Clear,51.899467746998454,-1.715735433854129
770,Morning,Dry,Clear,54.09891022036633,-1.1136837069212442
771,Morning,Icy,Foggy,50.833798422466785,-5.46727616477285
772,Morning,Icy,Clear,53.0760906211585,-7.900212233415506
773,Morning,Dry,Snowy,53.901336548970114,-0.7655633764508805
774,Night,Snowy,Snowy,55.21779407636378,-2.643434006524214
775,Afternoon,Icy,Snowy,57.60424842068963,0.3611770320724883
776,Morning,Snowy,Snowy,54.80520853238685,0.21388362900694347
777,Morning,Wet,Clear,55.94875132941248,0.4332616778788321
778,Night,Icy,Foggy,54.05012847596162,-3.1490534002045987
779,Night,Snowy,Foggy,55.07283225101065,-4.663716041631344
780,Evening,Snowy,Foggy,50.567457729070185,-0.08441797408629981
781,Morning,Wet,Foggy,52.03513264673477,-3.4870588697074503
782,Evening,Snowy,Rainy,52.89482474564111,-6.165578035965655
783,Night,Snowy,Foggy,53.779946840052105,0.5497401956147439
784,Night,Wet,Rainy,50.365189964019066,0.8255987677234735
785,Afternoon,Icy,Rainy,51.12019278042654,-3.3369024385982993
786,Morning,Snowy,Snowy,52.21451446233045,-7.243002726902125
787,Evening,Snowy,Rainy,57.77226152720841,-4.121739100830688
788,Night,Snowy,Clear,52.650776056824405,0.03537659462603315
789,Night,Dry,Rainy,53.85632846489666,1.0177402854622866
790,Evening,Wet,Snowy,51.56878170190714,-5.965272575024041
791,Afternoon,Dry,Rainy,54.88624056860615,-7.330263879747285
792,Night,Wet,Clear,52.2454657241278,0.7735045313283866
793,Morning,Icy,Clear,51.65594062750741,-4.105950610211247
794,Night,Icy,Clear,54.13258102756783,-2.5823903573243676
795,Morning,Snowy,Snowy,50.04404639328337,1.680658120507589
796,Evening,Wet,Snowy,50.061312261193805,-7.334352720857772
797,Morning,Icy,Foggy,51.75255047281486,-1.5168199254790444
798,Evening,Wet,Snowy,50.29377090000657,-7.2589457742513295
799,Morning,Icy,Clear,50.864206033045534,-4.2453107153349965
800,Evening,Dry,Clear,52.710885194710016,0.038145451934466834
801,Morning,Icy,Snowy,56.4206854366385,-3.665277672443656
802,Afternoon,Dry,Rainy,54.576389146954405,1.9718235390295042
803,Morning,Icy,Snowy,54.10134180765133,-2.409407150533978
804,Morning,Snowy,Snowy,52.34791058566498,-4.788378473640465
805,Afternoon,Dry,Clear,57.45402975546253,-5.798886740952469
806,Night,Icy,Foggy,53.176120329897536,-4.494794657138382
807,Night,Snowy,Clear,50.696742134366175,-4.274667262404492
808,Morning,Dry,Foggy,54.93653212894241,-7.31286322276039
809,Afternoon,Snowy,Clear,50.910707147812815,-4.304258005732269
810,Morning,Wet,Snowy,52.76178514241354,-3.357614802607751
811,Evening,Wet,Clear,54.05929550974247,-0.7726224776119537
812,Evening,Dry,Clear,56.993780197481406,-1.43270515278392
813,Morning,Icy,Clear,53.94837264272095,-0.9123434477084578
814,Night,Dry,Snowy,55.618070128253315,-7.916363181231429
815,Night,Snowy,Snowy,57.942534711992565,-5.823326004194639
816,Morning,Icy,Snowy,51.05191295918385,-1.3831571160014349
817,Morning,Wet,Snowy,52.197852204156156,-3.160106318202528
818,Evening,Icy,Foggy,53.15660860478117,-7.946865243316541
819,Night,Wet,Foggy,53.37462542831065,0.04494642431822271
820,Morning,Icy,Rainy,53.288168602124365,-0.27190426709662585
821,Evening,Icy,Snowy,57.26088802045244,-2.5158083700643736
822,Night,Icy,Foggy,55.71226115573485,-7.335366742237278
823,Afternoon,Snowy,Clear,54.86324171272563,-0.3348495046741533
824,Evening,Snowy,Snowy,52.47498174290226,-2.1628641226863605
825,Night,Dry,Rainy,56.59032307377036,-0.18040022842040848
826,Night,Dry,Rainy,57.64048409187991,-0.4825300760415958
827,Evening,Wet,Rainy,56.56958626040181,0.030020719578370603
828,Afternoon,Snowy,Clear,50.01252084153178,-2.8199193359537515
829,Evening,Wet,Foggy,55.091210961467254,-6.59675481806485
830,Night,Dry,Clear,50.409083051536804,-1.288425266203113
831,Morning,Wet,Snowy,52.06085776266978,-1.795262149480294
832,Morning,Dry,Rainy,50.47619760278217,-0.5774681280091283
833,Evening,Snowy,Clear,54.830363623595105,-6.301189939492647
834,Night,Icy,Clear,55.49271930794085,-6.050248000997108
835,Morning,Snowy,Foggy,50.915901104527244,0.9040951721932853
836,Night,Wet,Foggy,53.070711064359834,-0.5002220154792916
837,Evening,Wet,Rainy,53.64989207164434,1.0822848870032296
838,Morning,Snowy,Clear,52.952424174087334,-0.4128467883607927
839,Night,Snowy,Clear,50.96820000388154,-2.0284469400969813
840,Morning,Dry,Foggy,53.351582321499805,-1.4586726297212635
841,Evening,Wet,Clear,56.009424382467344,0.8912792394000988
842,Night,Wet,Clear,50.568061316266046,-2.2119324548805945
843,Morning,Snowy,Clear,50.641440112655225,-1.676086756716126
844,Evening,Icy,Foggy,52.838170334687874,-6.435232839963994
845,Morning,Wet,Rainy,57.533805692951404,-3.2607877988389724
846,Morning,Icy,Snowy,55.348581173783316,-0.8360288804190104
847,Afternoon,Snowy,Rainy,55.429359653380516,-5.290573016836346
848,Afternoon,Snowy,Snowy,52.89535992670292,-5.977458194754651
849,Evening,Dry,Clear,54.74928632966831,-4.8617319177558445
850,Afternoon,Wet,Rainy,50.08104947222195,-5.584993720071665
851,Evening,Icy,Snowy,55.08876837127634,-5.850873629636041
852,Afternoon,Dry,Foggy,57.30629558060989,-3.7514915713191304
853,Morning,Wet,Foggy,54.90058774675855,1.0783851388353405
854,Evening,Dry,Rainy,56.989588747730764,-2.9294035326128167
855,Evening,Snowy,Rainy,55.79178444372875,-6.12079619184677
856,Morning,Wet,Clear,50.96446733122952,-7.230283306191259
857,Evening,Dry,Rainy,57.21962645828673,-1.0384385486207481
858,Evening,Dry,Clear,50.5315507548462,-4.172012355636122
859,Afternoon,Icy,Clear,54.27173978038211,0.21830946585359357
860,Evening,Dry,Foggy,51.13709699034766,-1.4048923135922982
861,Night,Wet,Foggy,50.093652885847234,-0.037585494586314994
862,Morning,Wet,Snowy,53.37627408102111,-5.2805396058155125
863,Afternoon,Icy,Foggy,52.36032566123325,-1.0764107753894185
864,Afternoon,Wet,Foggy,53.88800395038082,-5.359380153062812
865,Night,Snowy,Rainy,54.61759909387641,1.3906847945029153
866,Morning,Wet,Foggy,50.34991257847158,-1.6362571846662561
867,Morning,Wet,Snowy,50.984026360989965,-4.754881998246579
868,Afternoon,Dry,Rainy,54.4691391716034,-5.304881377077273
869,Evening,Dry,Snowy,52.74533882538127,-6.0907341492835645
870,Afternoon,Wet,Foggy,55.833387900395586,-1.0535904110627223
871,Morning,Icy,Snowy,55.218333188735514,-5.8128438700207266
872,Night,Dry,Rainy,56.76483490391925,-2.046967340725109
873,Afternoon,Icy,Clear,55.5399426133538,-5.353649730746427
874,Morning,Wet,Snowy,53.43944861912119,-1.3803105520613137
875,Afternoon,Wet,Snowy,55.38373297915546,0.1493972854053922
876,Evening,Snowy,Rainy,52.20304939404335,-0.21974756855346822
877,Afternoon,Dry,Rainy,52.4505079902257,-0.391486690692183
878,Afternoon,Wet,Snowy,56.31188127936635,-6.122775943077479
879,Morning,Snowy,Foggy,53.57135613121266,-7.116150530154813
880,Morning,Dry,Snowy,56.38704272414682,-1.0105117151261442
881,Morning,Wet,Rainy,56.579378989346225,-4.316527862056487
882,Afternoon,Wet,Clear,56.86049870129027,-3.6765377359665266
883,Evening,Dry,Clear,57.33308188672966,-7.68850907206609
884,Night,Dry,Foggy,53.44788176410637,-5.404235507249508
885,Night,Dry,Snowy,52.55093454656911,-7.66323596125536
886,Morning,Wet,Clear,54.65758997275291,0.7918577260124771
887,Morning,Wet,Snowy,52.96937938750102,-5.5660331678146955
888,Afternoon,Snowy,Rainy,54.80859333440186,-2.4266283042699195
889,Night,Icy,Clear,55.6446869011506,-7.610206793388696
890,Morning,Dry,Foggy,55.5072401479371,-1.3315260869434198
891,Evening,Wet,Rainy,52.99642309616097,-4.769726542459061
892,Evening,Wet,Foggy,51.33488161359002,0.9791918695766579
893,Morning,Dry,Rainy,53.44423470769766,0.8811818893403576
894,Morning,Icy,Clear,51.14075315265527,-4.747093816382522
895,Night,Dry,Foggy,57.12077628147047,1.0096089569046782
896,Night,Icy,Foggy,52.76701968590286,1.9615767349877888
897,Afternoon,Wet,Rainy,51.235677977786594,0.2541566412394811
898,Night,Icy,Foggy,50.203582079246004,0.44871347755228896
899,Evening,Snowy,Rainy,55.166579090291876,-5.509912638909101
900,Evening,Wet,Rainy,55.09521853963795,-2.232976011422437
901,Morning,Snowy,Rainy,52.724833332650334,-7.3274408603263215
902,Night,Dry,Rainy,50.57369511078121,-7.050820631783303
903,Afternoon,Dry,Clear,53.27703115916186,1.9889261203329056
904,Evening,Dry,Rainy,52.48973996050715,-4.73360750574089
905,Evening,Icy,Snowy,55.416965117880075,-0.5181608795115364
906,Afternoon,Wet,Foggy,54.846233995621525,0.06665053026816459
907,Afternoon,Dry,Snowy,52.91674982558032,0.5802327100722913
908,Evening,Dry,Clear,51.74314043403992,1.976282974021565
909,Evening,Wet,Snowy,57.904287729244736,-5.585035147431322
910,Afternoon,Dry,Foggy,53.63201296956892,-7.5964917314030025
911,Evening,Snowy,Snowy,55.506193886241896,-3.8880848200541402
912,Morning,Wet,Clear,51.12442374062689,-6.6991933017105305
913,Morning,Wet,Rainy,53.884717597275184,-7.7757411083794485
914,Afternoon,Wet,Snowy,50.22029375895573,-4.3957317285851385
915,Night,Snowy,Clear,54.0436409432836,-0.1626174892476353
916,Afternoon,Wet,Clear,57.71213925694162,-2.338193087749291
917,Afternoon,Snowy,Foggy,53.0736537038864,-4.872220107896459
918,Night,Wet,Foggy,50.311968100599294,-1.4565799450728028
919,Night,Icy,Snowy,50.24764632735475,-5.679818196911893
920,Night,Dry,Rainy,53.10389407957496,-7.856185539279149
921,Morning,Icy,Clear,51.28019949170555,-0.35646613563572593
922,Evening,Dry,Snowy,50.186816770625484,-1.7625691513599087
923,Morning,Snowy,Clear,56.049708911601414,-0.3769737549904004
924,Evening,Icy,Clear,53.66818407105512,-7.610619833123344
925,Morning,Wet,Rainy,52.31395817578124,0.37119627830652213
926,Evening,Dry,Rainy,57.200665464131845,-1.8047379996369664
927,Morning,Dry,Snowy,50.929111681604205,-2.3660464928735987
928,Night,Icy,Rainy,57.64735063164255,-1.753859518854684
929,Afternoon,Snowy,Rainy,52.51173373901882,0.6443324686836416
930,Morning,Icy,Snowy,57.10722937846945,-2.1306349344109297
931,Evening,Snowy,Rainy,54.823543011835696,-2.190496201118207
932,Night,Snowy,Foggy,56.6136588779319,1.9067915706576581
933,Morning,Dry,Clear,57.87210530568372,-0.43269832931432006
934,Morning,Icy,Clear,52.307243502549966,-3.577061945488647
935,Night,Icy,Clear,57.68908388326074,-0.9260299996707229
936,Morning,Snowy,Clear,53.115855159219365,-4.107695283082116
937,Afternoon,Icy,Snowy,53.084095237895376,-5.71124537516501
938,Morning,Wet,Clear,52.72309683403604,-2.031481231122406
939,Afternoon,Wet,Clear,54.33126085878068,1.2818209811395143
940,Afternoon,Icy,Clear,51.2331603454279,1.2913952001546267
941,Night,Icy,Clear,54.42969188286409,-4.580947218945097
942,Morning,Snowy,Foggy,54.333638499280035,-2.7232253377830506
943,Night,Wet,Clear,56.09521450083896,-5.8836410143013875
944,Morning,Wet,Foggy,56.66919969550069,1.956311094988834
945,Morning,Dry,Snowy,53.523530802499394,1.8111790786793573
946,Evening,Snowy,Rainy,52.41866599481195,-1.5049107029255264
947,Morning,Dry,Clear,52.074679178536755,0.044140596774733254
948,Night,Wet,Rainy,51.55699069363897,-0.8489983871630002
949,Afternoon,Snowy,Rainy,50.4611806575922,-2.068417809605318
950,Morning,Icy,Snowy,52.73958383067771,-7.466520030111023
951,Evening,Snowy,Rainy,52.161981537046266,-3.4523565744733897
952,Night,Icy,Foggy,57.73133908693126,-1.252136978325895
953,Morning,Icy,Rainy,54.461670610000354,-1.2246838611631539
954,Night,Snowy,Rainy,52.77821631224406,-4.268773815776164
955,Evening,Icy,Rainy,54.64374080794957,1.4169198665803062
956,Evening,Dry,Clear,51.11357361076556,-6.3264296776321896
957,Night,Wet,Clear,53.552349993617625,-2.996405537844394
958,Morning,Icy,Foggy,55.00987457136851,-1.0911602344917721
959,Afternoon,Dry,Foggy,53.91118265433961,-1.0286419410819079
960,Evening,Icy,Clear,53.214230405234595,-1.5136104323118449
961,Morning,Wet,Foggy,57.950787111197585,-5.247117865481398
962,Morning,Dry,Clear,57.04251809719142,-6.4379343131337805
963,Afternoon,Wet,Snowy,54.98724766527552,-1.6405967317328916
964,Evening,Wet,Rainy,54.55501888945826,-2.0069788386056224
965,Evening,Dry,Rainy,54.965283838596676,-6.2064398971075905
966,Morning,Dry,Foggy,51.61049686257947,-0.9486085442943661
967,Morning,Dry,Clear,53.16110194611455,-3.4482800826634357
968,Afternoon,Snowy,Clear,50.315676263127195,-1.3223940839684705
969,Afternoon,Dry,Foggy,53.80436829989461,0.37367079770150724
970,Evening,Dry,Clear,54.34419667166131,-6.302715714230768
971,Night,Dry,Snowy,51.82199788882568,-7.808551320031633
972,Evening,Dry,Rainy,57.71223077732411,-0.20897413604213178
973,Morning,Icy,Foggy,57.27563688749794,-1.9030257484738407
974,Evening,Snowy,Foggy,55.77714588364725,-1.0036043037787827
975,Night,Wet,Clear,54.2670930301229,0.38154974988642465
976,Afternoon,Dry,Foggy,56.95975327718148,0.028109348245004995
977,Night,Icy,Snowy,51.0452187505877,1.6092014692882461
978,Night,Icy,Clear,56.32407835419908,-2.6406492114788183
979,Night,Icy,Clear,50.998566511734786,-3.1150436734009466
980,Afternoon,Wet,Clear,56.35368530039524,-3.9811280010926993
981,Night,Dry,Clear,52.20614054601086,-6.463089571557955
982,Night,Snowy,Snowy,57.01672464814551,-2.2739276711797753
983,Night,Snowy,Clear,57.55233675060318,-5.229874756740212
984,Morning,Icy,Foggy,51.19036775524093,1.213075122129755
985,Night,Wet,Snowy,53.701404840523146,-2.1680919572290245
986,Afternoon,Wet,Rainy,57.84789902530148,-2.0715981949188986
987,Night,Wet,Rainy,53.86725948778518,-4.4507533912299
988,Night,Snowy,Foggy,56.90838018011636,-7.480106480222926
989,Afternoon,Icy,Foggy,54.70985217705056,-7.682562346270114
990,Night,Dry,Snowy,53.00263926335681,-3.7666485584680247
991,Afternoon,Snowy,Rainy,52.28626844420696,-7.154346219027621
992,Night,Icy,Rainy,51.6257847286887,-1.931530444598609
993,Afternoon,Icy,Rainy,56.09438553102158,0.8097300563965746
994,Night,Dry,Rainy,53.092324054584225,0.8291481651872221
995,Night,Dry,Rainy,54.09020369760601,-1.4095458986776759
996,Morning,Dry,Clear,53.938603840009456,-5.88768168527069
997,Morning,Wet,Foggy,54.61823223386505,0.6299683135887211
998,Night,Dry,Clear,56.92461716499642,0.8609343531320821
999,Night,Icy,Rainy,57.84591474866743,-6.033464150470413
1000,Evening,Dry,Snowy,53.260673668590535,-0.6257391422932272
